"question","unweighted_mean","weighted_mean","nonmissing_n"
"q1",3.31418918918919,3.3148141660367,888
"q2",3.32807215332582,3.32851197670604,887
"q3",3.31792559188275,3.30874183257372,887
"q4",3.39977477477477,3.37671480292355,888
"q5",3.36640360766629,3.36298650072965,887
"q6",3.38148984198646,3.39294228041348,886
"q7",3.375,3.38928448108822,888
"q8",3.29425028184893,3.26844058539873,887
"q9",3.31454340473506,3.2343392905687,887
"q10",3.32919954904171,3.3399487772337,887
