"iteration","max_absolute_difference"
1,0.143544199102733
2,0.0400543828571072
3,0.00895435567555597
4,0.00173236454432488
5,0.000307999733259595
6,7.1471138836432e-05
7,1.85877354110797e-05
8,4.78514233526184e-06
9,1.22249869349833e-06
10,3.10777976353371e-07
